<application>
  <component name="FindSettings">
    <option name="customScope" value="项目和库" />
    <option name="defaultScopeName" value="项目和库" />
    <option name="localCaseSensitive" value="true" />
    <option name="localWholeWordsOnly" value="true" />
    <option name="LOCAL_CASE_SENSITIVE_SEARCH" value="true" />
    <option name="LOCAL_WHOLE_WORDS_ONLY" value="true" />
    <option name="SEARCH_SCOPE" value="项目和库" />
    <option name="FILE_MASK" value="*" />
    <mask>*.php</mask>
    <mask>*</mask>
  </component>
</application>